trainingSet,testingSet,MSE,RMSE,MAE,ExecutionTime
u1.base,u1.test,4.427143286587118,2.1040777757932614,1.6467431428213226,30514
u2.base,u2.test,4.241328051015583,2.059448482243628,1.6055222166704628,27714
u3.base,u3.test,4.3741941518384975,2.0914574229083644,1.608925907479106,27164
u4.base,u4.test,4.352452140584671,2.086253134349873,1.6259192043203685,26687
u5.base,u5.test,4.40586436744526,2.099015094620632,1.6284658627202895,27124
ua.base,ua.test,4.504793860930296,2.1224499666494605,1.6425364580036836,26640
ub.base,ub.test,4.407712564273316,2.099455301804093,1.6357196576385744,26861
