trainingSet,testingSet,MSE,RMSE,MAE,ExecutionTime
u1.base,u1.test,1.9025921387216487,1.379344822269489,1.1818684937209607,10195
u2.base,u2.test,1.9000276434039804,1.3784149024890802,1.1800652808093945,6517
u3.base,u3.test,1.8919028480165956,1.3754645935161673,1.1783366748334452,5377
u4.base,u4.test,1.8786542817042968,1.3706400992617636,1.1730543877181654,5433
u5.base,u5.test,1.8681635644746493,1.3668078008537445,1.1686585291940668,5217
ua.base,ua.test,1.9512125251830288,1.3968580905671946,1.2008035300836668,5214
ub.base,ub.test,1.9936820083304956,1.411978048105032,1.2134460078406009,5083
